name,Code,データ有無,データ開始日,データ終了日,レコード数,営業日カバレッジ (%),欠損項目
ニッスイ,1332,有り,2018-05-30,2025-09-26,1796,93.88,無し
ＶＲＡＩＮ　Ｓｏｌｕｔｉｏｎ,135A,有り,2024-07-30,2025-09-26,284,93.42,無し
ショーボンドホールディングス,1414,有り,2018-05-30,2025-09-26,1796,93.88,無し
タマホーム,1419,有り,2018-05-30,2025-09-26,1796,93.88,無し
トライアルホールディングス,141A,有り,2024-08-26,2025-09-26,266,93.33,無し
Ｌｉｂ　Ｗｏｒｋ,1431,有り,2019-11-25,2025-09-26,1427,93.57,無し
グリーンエナジー＆カンパニー,1436,有り,2018-05-30,2025-09-26,1796,93.88,無し
ＳＡＡＦホールディングス,1447,有り,2019-03-06,2025-09-26,1601,93.46,無し
ソラコム,147A,有り,2024-08-29,2025-09-26,263,93.26,無し
三井松島ホールディングス,1518,有り,2018-05-30,2025-09-26,1796,93.88,無し
ダイブ,151A,有り,2024-08-30,2025-09-26,262,93.24,無し
カウリス,153A,有り,2024-09-02,2025-09-26,261,93.21,無し
マテリアルグループ,156A,有り,2024-09-03,2025-09-26,260,93.19,無し
ＩＮＰＥＸ,1605,有り,2018-05-30,2025-09-26,1796,93.88,無し
ＳＢＩレオスひふみ,165A,有り,2023-09-29,2025-09-26,483,92.71,無し
石油資源開発,1662,有り,2018-05-30,2025-09-26,1796,93.88,無し
タスキホールディングス,166A,有り,2024-09-05,2025-09-26,256,92.42,無し
安藤・間,1719,有り,2018-05-30,2025-09-26,1796,93.88,無し
コムシスＨＤ,1721,有り,2018-05-30,2025-09-26,1796,93.88,無し
レジル,176A,有り,2024-10-01,2025-09-26,242,93.44,無し
コージンバイオ,177A,有り,2024-10-02,2025-09-26,241,93.41,無し
大成建,1801,有り,2018-05-30,2025-09-26,1796,93.88,無し
大林組,1802,有り,2018-05-30,2025-09-26,1796,93.88,無し
清水建,1803,有り,2018-05-30,2025-09-26,1796,93.88,無し
長谷工,1808,有り,2018-05-30,2025-09-26,1796,93.88,無し
鹿島,1812,有り,2018-05-30,2025-09-26,1796,93.88,無し
アストロスケールホールディングス,186A,有り,2024-11-11,2025-09-26,215,93.48,無し
大東建託,1878,有り,2018-05-30,2025-09-26,1796,93.88,無し
Ｃｈｏｒｄｉａ　Ｔｈｅｒａｐｅｕｔｉｃｓ,190A,有り,2024-11-20,2025-09-26,208,93.27,無し
住友林業,1911,有り,2018-05-30,2025-09-26,1796,93.88,無し
ハウス,1925,有り,2018-05-30,2025-09-26,1796,93.88,無し
積ハウス,1928,有り,2018-05-30,2025-09-26,1796,93.88,無し
インテグループ,192A,有り,2024-11-22,2025-09-26,206,93.21,無し
関電工,1942,有り,2018-05-30,2025-09-26,1796,93.88,無し
ＷＯＬＶＥＳ　ＨＡＮＤ,194A,有り,2024-11-26,2025-09-26,204,93.15,無し
エクシオグループ,1951,有り,2018-05-30,2025-09-26,1796,93.88,無し
九電工,1959,有り,2018-05-30,2025-09-26,1796,93.88,無し
日揮ＨＤ,1963,有り,2018-05-30,2025-09-26,1796,93.88,無し
高砂熱学工業,1969,有り,2018-05-30,2025-09-26,1796,93.88,無し
ＰｏｓｔＰｒｉｍｅ,198A,有り,2024-11-26,2025-09-26,204,93.15,無し
日清粉Ｇ,2002,有り,2018-05-30,2025-09-26,1796,93.88,無し
豆蔵デジタルホールディングス,202A,有り,2024-12-03,2025-09-26,199,92.99,無し
ロゴスホールディングス,205A,有り,2024-12-04,2025-09-26,198,92.96,無し
ＰＲＩＳＭ　ＢｉｏＬａｂ,206A,有り,2024-12-06,2025-09-26,196,92.89,無し
ジェイエイシーリクルートメント,2124,有り,2018-05-30,2025-09-26,1796,93.88,無し
日本Ｍ＆Ａセンターホールディングス,2127,有り,2018-05-30,2025-09-26,1796,93.88,無し
オープンアップグループ,2154,有り,2018-05-30,2025-09-26,1796,93.88,無し
ＦＲＯＮＴＥＯ,2158,有り,2018-05-30,2025-09-26,1796,93.88,無し
タイミー,215A,有り,2025-01-06,2025-09-26,179,94.21,無し
ジーエヌアイグループ,2160,有り,2018-05-30,2025-09-26,1796,93.88,無し
パソナグループ,2168,有り,2018-05-30,2025-09-26,1796,93.88,無し
博展,2173,有り,2018-05-30,2025-09-26,1796,93.88,無し
パーソルホールディングス,2181,有り,2018-05-30,2025-09-26,1796,93.88,無し
Ｌｉｂｅｒａｗａｒｅ,218A,有り,2025-01-07,2025-09-26,178,94.18,無し
アミタホールディングス,2195,有り,2018-05-30,2025-09-26,1796,93.88,無し
Ｈｅａｒｔｓｅｅｄ,219A,有り,2025-01-08,2025-09-26,177,94.15,無し
森永製菓,2201,有り,2018-05-30,2025-09-26,1796,93.88,無し
寿スピリッツ,2222,有り,2018-05-30,2025-09-26,1796,93.88,無し
カルビー,2229,有り,2018-05-30,2025-09-26,1796,93.88,無し
森永乳業,2264,有り,2018-05-30,2025-09-26,1796,93.88,無し
ヤクルト本社,2267,有り,2018-05-30,2025-09-26,1796,93.88,無し
明治ＨＤ,2269,有り,2018-05-30,2025-09-26,1796,93.88,無し
日ハム,2282,有り,2018-05-30,2025-09-26,1796,93.88,無し
オプロ,228A,有り,2025-01-30,2025-09-26,162,94.19,無し
システナ,2317,有り,2018-05-30,2025-09-26,1796,93.88,無し
日鉄ソリューションズ,2327,有り,2018-05-30,2025-09-26,1796,93.88,無し
メディネット,2370,有り,2018-05-30,2025-09-26,1796,93.88,無し
カカクコム,2371,有り,2018-05-30,2025-09-26,1796,93.88,無し
ディップ,2379,有り,2018-05-30,2025-09-26,1796,93.88,無し
ＳＢＳホールディングス,2384,有り,2018-05-30,2025-09-26,1796,93.88,無し
エムスリー,2413,有り,2018-05-30,2025-09-26,1796,93.88,無し
ＲＯＸＸ,241A,有り,2025-03-06,2025-09-26,139,94.56,無し
ディーエヌエ,2432,有り,2018-05-30,2025-09-26,1796,93.88,無し
アスカネット,2438,有り,2018-05-30,2025-09-26,1796,93.88,無し
グロースエクスパートナーズ,244A,有り,2025-03-07,2025-09-26,138,94.52,無し
ＩＮＧＳ,245A,有り,2025-03-07,2025-09-26,138,94.52,無し
アスア,246A,有り,2025-03-07,2025-09-26,138,94.52,無し
Ａｉロボティクス,247A,有り,2025-03-10,2025-09-26,137,94.48,無し
キッズスター,248A,有り,2025-03-07,2025-09-26,138,94.52,無し
ユナイテッド,2497,有り,2018-05-30,2025-09-26,1796,93.88,無し
サッポロＨＤ,2501,有り,2018-05-30,2025-09-26,1796,93.88,無し
アサヒ,2502,有り,2018-05-30,2025-09-26,1796,93.88,無し
キリンＨＤ,2503,有り,2018-05-30,2025-09-26,1796,93.88,無し
宝ホールディングス,2531,有り,2018-05-30,2025-09-26,1796,93.88,無し
サントリー食品インターナショナル,2587,有り,2018-05-30,2025-09-26,1796,93.88,無し
エービーシー・マート,2670,有り,2018-05-30,2025-09-26,1796,93.88,無し
アスクル,2678,有り,2018-05-30,2025-09-26,1796,93.88,無し
アダストリア,2685,有り,2018-05-30,2025-09-26,1796,93.88,無し
日本マクドナルドホールディングス,2702,有り,2018-05-30,2025-09-26,1796,93.88,無し
パルグループホールディングス,2726,有り,2018-05-30,2025-09-26,1796,93.88,無し
東京エレクトロン　デバイス,2760,有り,2018-05-30,2025-09-26,1796,93.88,無し
円谷フィールズホールディングス,2767,有り,2018-05-30,2025-09-26,1796,93.88,無し
双日,2768,有り,2018-05-30,2025-09-26,1796,93.88,無し
キッコマン,2801,有り,2018-05-30,2025-09-26,1796,93.88,無し
味の素,2802,有り,2018-05-30,2025-09-26,1796,93.88,無し
カゴメ,2811,有り,2018-05-30,2025-09-26,1796,93.88,無し
ニチレイ,2871,有り,2018-05-30,2025-09-26,1796,93.88,無し
東洋水産,2875,有り,2018-05-30,2025-09-26,1796,93.88,無し
日清食品ホールディングス,2897,有り,2018-05-30,2025-09-26,1796,93.88,無し
ＪＴ,2914,有り,2018-05-30,2025-09-26,1796,93.88,無し
ジェイフロンティア,2934,有り,2022-02-03,2025-09-26,893,93.8,無し
ベースフード,2936,有り,2023-04-21,2025-09-26,596,93.71,無し
サンクゼール,2937,有り,2023-05-31,2025-09-26,571,93.91,無し
ツクルバ,2978,有り,2020-01-10,2025-09-26,1397,93.7,無し
ＬＡホールディングス,2986,有り,2020-12-09,2025-09-26,1175,93.77,無し
クリアル,2998,有り,2022-10-06,2025-09-26,729,93.82,無し
ヒューリック,3003,有り,2018-05-30,2025-09-26,1796,93.88,無し
神戸物産,3038,有り,2018-05-30,2025-09-26,1796,93.88,無し
ジェイグループホールディングス,3063,有り,2018-05-30,2025-09-26,1796,93.88,無し
ＭｏｎｏｔａＲＯ,3064,有り,2018-05-30,2025-09-26,1796,93.88,無し
Ｊフロント,3086,有り,2018-05-30,2025-09-26,1796,93.88,無し
マツキヨココカラ＆カンパニー,3088,有り,2018-05-30,2025-09-26,1796,93.88,無し
ＺＯＺＯ,3092,有り,2018-05-30,2025-09-26,1796,93.88,無し
三越伊勢丹,3099,有り,2018-05-30,2025-09-26,1796,93.88,無し
ダイワボウホールディングス,3107,有り,2018-05-30,2025-09-26,1796,93.88,無し
トヨタ紡織,3116,有り,2018-05-30,2025-09-26,1796,93.88,無し
マクニカホールディングス,3132,有り,2018-05-30,2025-09-26,1796,93.88,無し
海帆,3133,有り,2018-05-30,2025-09-26,1796,93.88,無し
ＢＲＵＮＯ,3140,有り,2018-05-30,2025-09-26,1796,93.88,無し
ウエルシアホールディングス,3141,有り,2018-05-30,2025-09-26,1796,93.88,無し
クリエイトＳＤホールディングス,3148,有り,2018-05-30,2025-09-26,1796,93.88,無し
ネクステージ,3186,有り,2018-05-30,2025-09-26,1796,93.88,無し
ミラタップ,3187,有り,2018-05-30,2025-09-26,1796,93.88,無し
野村不動産ホールディングス,3231,有り,2018-05-30,2025-09-26,1796,93.88,無し
オープンハウスグループ,3288,有り,2018-05-30,2025-09-26,1796,93.88,無し
東急不ＨＤ,3289,有り,2018-05-30,2025-09-26,1796,93.88,無し
飯田グループホールディングス,3291,有り,2018-05-30,2025-09-26,1796,93.88,無し
アンビション　ＤＸ　ホールディングス,3300,有り,2018-05-30,2025-09-26,1796,93.88,無し
コスモス薬品,3349,有り,2018-05-30,2025-09-26,1796,93.88,無し
シップヘルスケアホールディングス,3360,有り,2018-05-30,2025-09-26,1796,93.88,無し
セブン＆アイ,3382,有り,2018-05-30,2025-09-26,1796,93.88,無し
ツルハホールディングス,3391,有り,2018-05-30,2025-09-26,1796,93.88,無し
帝人,3401,有り,2018-05-30,2025-09-26,1796,93.88,無し
東レ,3402,有り,2018-05-30,2025-09-26,1796,93.88,無し
クラレ,3405,有り,2018-05-30,2025-09-26,1796,93.88,無し
旭化成,3407,有り,2018-05-30,2025-09-26,1796,93.88,無し
バルニバービ,3418,有り,2018-05-30,2025-09-26,1796,93.88,無し
ＳＵＭＣＯ,3436,有り,2018-05-30,2025-09-26,1796,93.88,無し
ケイアイスター不動産,3465,有り,2018-05-30,2025-09-26,1796,93.88,無し
ティーケーピー,3479,有り,2018-05-30,2025-09-26,1796,93.88,無し
ＧＡ　ｔｅｃｈｎｏｌｏｇｉｅｓ,3491,有り,2018-12-21,2025-09-26,1649,93.37,無し
アズーム,3496,有り,2019-02-25,2025-09-26,1608,93.49,無し
ベガコーポレーション,3542,有り,2018-05-30,2025-09-26,1796,93.88,無し
クスリのアオキホールディングス,3549,有り,2018-05-30,2025-09-26,1796,93.88,無し
ジェイドグループ,3558,有り,2018-05-30,2025-09-26,1796,93.88,無し
ＦＯＯＤ　＆　ＬＩＦＥ　ＣＯＭＰＡＮＩＥＳ,3563,有り,2018-05-30,2025-09-26,1796,93.88,無し
ビリングシステム,3623,有り,2018-05-30,2025-09-26,1796,93.88,無し
ＴＩＳ,3626,有り,2018-05-30,2025-09-26,1796,93.88,無し
コーエーテクモホールディングス,3635,有り,2018-05-30,2025-09-26,1796,93.88,無し
モルフォ,3653,有り,2018-05-30,2025-09-26,1796,93.88,無し
ネクソン,3659,有り,2018-05-30,2025-09-26,1796,93.88,無し
ＦＦＲＩセキュリティ,3692,有り,2018-05-30,2025-09-26,1796,93.88,無し
ＳＨＩＦＴ,3697,有り,2018-05-30,2025-09-26,1796,93.88,無し
日本ファルコム,3723,有り,2018-05-30,2025-09-26,1796,93.88,無し
ガンホー・オンライン・エンターテイメント,3765,有り,2018-05-30,2025-09-26,1796,93.88,無し
ＧＭＯペイメントゲートウェイ,3769,有り,2018-05-30,2025-09-26,1796,93.88,無し
アドバンスト・メディア,3773,有り,2018-05-30,2025-09-26,1796,93.88,無し
インターネットイニシアティブ,3774,有り,2018-05-30,2025-09-26,1796,93.88,無し
環境フレンドリーホールディングス,3777,有り,2018-05-30,2025-09-26,1796,93.88,無し
ドリコム,3793,有り,2018-05-30,2025-09-26,1796,93.88,無し
王子ＨＤ,3861,有り,2018-05-30,2025-09-26,1796,93.88,無し
クラウドワークス,3900,有り,2018-05-30,2025-09-26,1796,93.88,無し
カヤック,3904,有り,2018-05-30,2025-09-26,1796,93.88,無し
データセクション,3905,有り,2018-05-30,2025-09-26,1796,93.88,無し
Ａｉｍｉｎｇ,3911,有り,2018-05-30,2025-09-26,1796,93.88,無し
ＪＩＧ－ＳＡＷ,3914,有り,2018-05-30,2025-09-26,1796,93.88,無し
ラクス,3923,有り,2018-05-30,2025-09-26,1796,93.88,無し
うるる,3979,有り,2018-05-30,2025-09-26,1796,93.88,無し
シェアリングテクノロジー,3989,有り,2018-05-30,2025-09-26,1796,93.88,無し
ＵＵＵＭ,3990,無し,,,0,0.0,N/A
ウォンテッドリー,3991,有り,2018-05-30,2025-09-26,1796,93.88,無し
レゾナック,4004,有り,2018-05-30,2025-09-26,1796,93.88,無し
住友化,4005,有り,2018-05-30,2025-09-26,1796,93.88,無し
ヘッドウォータース,4011,有り,2021-03-11,2025-09-26,1114,93.85,無し
勤次郎,4013,有り,2021-03-22,2025-09-26,1107,93.81,無し
ペイクラウドホールディングス,4015,有り,2021-04-28,2025-09-26,1080,93.67,無し
日産化,4021,有り,2018-05-30,2025-09-26,1796,93.88,無し
東ソー,4042,有り,2018-05-30,2025-09-26,1796,93.88,無し
トクヤマ,4043,有り,2018-05-30,2025-09-26,1796,93.88,無し
ＧＭＯフィナンシャルゲート,4051,有り,2020-12-24,2025-09-26,1164,93.72,無し
日本情報クリエイト,4054,有り,2021-01-08,2025-09-26,1155,93.83,無し
ティアンドエスグループ,4055,有り,2021-01-19,2025-09-26,1149,93.87,無し
ニューラルグループ,4056,有り,2021-02-01,2025-09-26,1140,93.83,無し
トヨクモ,4058,有り,2021-03-05,2025-09-26,1118,93.87,無し
デンカ,4061,有り,2018-05-30,2025-09-26,1796,93.88,無し
イビデン,4062,有り,2018-05-30,2025-09-26,1796,93.88,無し
信越化,4063,有り,2018-05-30,2025-09-26,1796,93.88,無し
ラキール,4074,有り,2021-12-23,2025-09-26,920,93.69,無し
エア・ウォーター,4088,有り,2018-05-30,2025-09-26,1796,93.88,無し
日本酸素ホールディングス,4091,有り,2018-05-30,2025-09-26,1796,93.88,無し
協和キリン,4151,有り,2018-05-30,2025-09-26,1796,93.88,無し
プレイド,4165,有り,2021-05-31,2025-09-26,1061,93.89,無し
ヤプリ,4168,有り,2021-06-02,2025-09-26,1059,93.88,無し
ＥＮＥＣＨＡＮＧＥ,4169,有り,2021-06-04,2025-09-26,1057,93.87,無し
ｃｏｌｙ,4175,有り,2021-08-04,2025-09-26,1016,93.81,無し
ココナラ,4176,有り,2021-08-26,2025-09-26,1001,93.81,無し
三菱瓦斯化学,4182,有り,2018-05-30,2025-09-26,1796,93.88,無し
三井化学,4183,有り,2018-05-30,2025-09-26,1796,93.88,無し
東京応化工業,4186,有り,2018-05-30,2025-09-26,1796,93.88,無し
三菱ケミＧ,4188,有り,2018-05-30,2025-09-26,1796,93.88,無し
スパイダープラス,4192,有り,2021-09-06,2025-09-26,994,93.77,無し
ビジョナル,4194,有り,2021-10-01,2025-09-26,977,93.85,無し
ダイセル,4202,有り,2018-05-30,2025-09-26,1796,93.88,無し
住友ベークライト,4203,有り,2018-05-30,2025-09-26,1796,93.88,無し
積水化学工業,4204,有り,2018-05-30,2025-09-26,1796,93.88,無し
ＵＢＥ,4208,有り,2018-05-30,2025-09-26,1796,93.88,無し
網屋,4258,有り,2022-06-03,2025-09-26,814,94.0,無し
エクサウィザーズ,4259,有り,2022-06-06,2025-09-26,813,93.99,無し
サスメド,4263,有り,2022-06-07,2025-09-26,812,93.98,無し
セキュア,4264,有り,2022-06-09,2025-09-26,810,93.97,無し
ＢｅｅＸ,4270,有り,2022-08-02,2025-09-26,773,93.81,無し
野村総研,4307,有り,2018-05-30,2025-09-26,1796,93.88,無し
Ｊストリーム,4308,有り,2018-05-30,2025-09-26,1796,93.88,無し
電通グループ,4324,有り,2018-05-30,2025-09-26,1796,93.88,無し
コアコンセプト・テクノロジー,4371,有り,2022-03-02,2025-09-26,876,93.89,無し
ＲＯＢＯＴ　ＰＡＹＭＥＮＴ,4374,有り,2022-03-07,2025-09-26,873,93.87,無し
セーフィー,4375,有り,2022-03-08,2025-09-26,872,93.86,無し
くふうカンパニー,4376,有り,2022-03-10,2025-09-26,870,93.85,無し
ワンキャリア,4377,有り,2022-03-16,2025-09-26,866,93.82,無し
メルカリ,4385,有り,2018-11-15,2025-09-26,1675,93.47,無し
プロパティデータバンク,4389,有り,2018-11-23,2025-09-26,1669,93.45,無し
バンク・オブ・イノベーション,4393,有り,2018-12-20,2025-09-26,1650,93.38,無し
ＡＤＥＫＡ,4401,有り,2018-05-30,2025-09-26,1796,93.88,無し
日油,4403,有り,2018-05-30,2025-09-26,1796,93.88,無し
ボードルア,4413,有り,2022-05-12,2025-09-26,830,94.1,無し
フレクト,4414,有り,2022-05-24,2025-09-26,822,94.05,無し
グローバルセキュリティエキスパート,4417,有り,2022-06-01,2025-09-26,816,94.01,無し
ＪＤＳＣ,4418,有り,2022-06-01,2025-09-26,816,94.01,無し
Ｆｉｎａｔｅｘｔホールディングス,4419,有り,2022-06-03,2025-09-26,814,94.0,無し
Ｋｕｄａｎ,4425,有り,2019-06-05,2025-09-26,1543,93.63,無し
スマレジ,4431,有り,2019-08-08,2025-09-26,1498,93.51,無し
カオナビ,4435,無し,,,0,0.0,N/A
ミンカブ・ジ・インフォノイド,4436,有り,2019-08-28,2025-09-26,1485,93.51,無し
バルテス・ホールディングス,4442,有り,2019-11-07,2025-09-26,1439,93.62,無し
ｋｕｂｅｌｌ,4448,有り,2020-03-05,2025-09-26,1361,93.73,無し
花王,4452,有り,2018-05-30,2025-09-26,1796,93.88,無し
ＨＥＮＮＧＥ,4475,有り,2020-03-19,2025-09-26,1351,93.69,無し
ＢＡＳＥ,4477,有り,2020-04-06,2025-09-26,1340,93.71,無し
フリー,4478,有り,2020-06-01,2025-09-26,1304,93.81,無し
ウィルズ,4482,有り,2020-06-02,2025-09-26,1303,93.81,無し
ＪＴＯＷＥＲ,4485,無し,,,0,0.0,N/A
ＡＩ　ｉｎｓｉｄｅ,4488,有り,2020-06-10,2025-09-26,1297,93.78,無し
ビザスク,4490,有り,2020-08-18,2025-09-26,1251,93.78,無し
サイバーセキュリティクラウド,4493,有り,2020-09-02,2025-09-26,1240,93.73,無し
アイキューブドシステムズ,4495,有り,2020-12-24,2025-09-26,1164,93.72,無し
サイバートラスト,4498,有り,2021-09-27,2025-09-26,981,93.88,無し
武田,4502,有り,2018-05-30,2025-09-26,1796,93.88,無し
アステラス,4503,有り,2018-05-30,2025-09-26,1796,93.88,無し
住友ファーマ,4506,有り,2018-05-30,2025-09-26,1796,93.88,無し
塩野義,4507,有り,2018-05-30,2025-09-26,1796,93.88,無し
日本新薬,4516,有り,2018-05-30,2025-09-26,1796,93.88,無し
中外薬,4519,有り,2018-05-30,2025-09-26,1796,93.88,無し
エーザイ,4523,有り,2018-05-30,2025-09-26,1796,93.88,無し
ロート製薬,4527,有り,2018-05-30,2025-09-26,1796,93.88,無し
小野薬品工業,4528,有り,2018-05-30,2025-09-26,1796,93.88,無し
テルモ,4543,有り,2018-05-30,2025-09-26,1796,93.88,無し
アンジェス,4563,有り,2018-05-30,2025-09-26,1796,93.88,無し
オンコセラピー・サイエンス,4564,有り,2018-05-30,2025-09-26,1796,93.88,無し
第一三共,4568,有り,2018-05-30,2025-09-26,1796,93.88,無し
ＮＡＮＯ　ＭＲＮＡ,4571,有り,2018-05-30,2025-09-26,1796,93.88,無し
カルナバイオサイエンス,4572,有り,2018-05-30,2025-09-26,1796,93.88,無し
キャンバス,4575,有り,2018-05-30,2025-09-26,1796,93.88,無し
大塚ＨＤ,4578,有り,2018-05-30,2025-09-26,1796,93.88,無し
ラクオリア創薬,4579,有り,2018-05-30,2025-09-26,1796,93.88,無し
シンバイオ製薬,4582,有り,2018-05-30,2025-09-26,1796,93.88,無し
ペプチドリーム,4587,有り,2018-05-30,2025-09-26,1796,93.88,無し
オンコリスバイオファーマ,4588,有り,2018-05-30,2025-09-26,1796,93.88,無し
サンバイオ,4592,有り,2018-05-30,2025-09-26,1796,93.88,無し
ヘリオス,4593,有り,2018-05-30,2025-09-26,1796,93.88,無し
ソレイジア・ファーマ,4597,有り,2018-05-30,2025-09-26,1796,93.88,無し
ステムリム,4599,有り,2020-01-22,2025-09-26,1390,93.73,無し
日本ペイントホールディングス,4612,有り,2018-05-30,2025-09-26,1796,93.88,無し
関西ペイント,4613,有り,2018-05-30,2025-09-26,1796,93.88,無し
太陽ホールディングス,4626,有り,2018-05-30,2025-09-26,1796,93.88,無し
ＯＬＣ,4661,有り,2018-05-30,2025-09-26,1796,93.88,無し
パーク２４,4666,有り,2018-05-30,2025-09-26,1796,93.88,無し
ラウンドワン,4680,有り,2018-05-30,2025-09-26,1796,93.88,無し
リゾートトラスト,4681,有り,2018-05-30,2025-09-26,1796,93.88,無し
オービック,4684,有り,2018-05-30,2025-09-26,1796,93.88,無し
ジャストシステム,4686,有り,2018-05-30,2025-09-26,1796,93.88,無し
ラインヤフー,4689,有り,2018-05-30,2025-09-26,1796,93.88,無し
トレンド,4704,有り,2018-05-30,2025-09-26,1796,93.88,無し
日本オラクル,4716,有り,2018-05-30,2025-09-26,1796,93.88,無し
フューチャー,4722,有り,2018-05-30,2025-09-26,1796,93.88,無し
ユー・エス・エス,4732,有り,2018-05-30,2025-09-26,1796,93.88,無し
サイバー,4751,有り,2018-05-30,2025-09-26,1796,93.88,無し
楽天グループ,4755,有り,2018-05-30,2025-09-26,1796,93.88,無し
大塚商会,4768,有り,2018-05-30,2025-09-26,1796,93.88,無し
ストリームメディアコーポレーション,4772,有り,2018-05-30,2025-09-26,1796,93.88,無し
ドリーム・アーツ,4811,有り,2024-04-08,2025-09-26,361,93.77,無し
電通総研,4812,有り,2018-05-30,2025-09-26,1796,93.88,無し
東映アニメーション,4816,有り,2018-05-30,2025-09-26,1796,93.88,無し
ペルセウスプロテオミクス,4882,有り,2021-11-29,2025-09-26,938,93.8,無し
ステラファーマ,4888,有り,2021-10-01,2025-09-26,977,93.85,無し
坪田ラボ,4890,有り,2022-11-30,2025-09-26,693,93.9,無し
ティムス,4891,有り,2023-04-28,2025-09-26,591,93.66,無し
ノイルイミューン・バイオテック,4893,有り,2023-12-04,2025-09-26,444,93.47,無し
クオリプス,4894,有り,2023-12-01,2025-09-26,445,93.49,無し
ケイファーマ,4896,有り,2024-03-27,2025-09-26,369,93.89,無し
富士フイルム,4901,有り,2018-05-30,2025-09-26,1796,93.88,無し
コニカミノル,4902,有り,2018-05-30,2025-09-26,1796,93.88,無し
資生堂,4911,有り,2018-05-30,2025-09-26,1796,93.88,無し
ライオン,4912,有り,2018-05-30,2025-09-26,1796,93.88,無し
小林製薬,4967,有り,2018-05-30,2025-09-26,1796,93.88,無し
リプロセル,4978,有り,2018-05-30,2025-09-26,1796,93.88,無し
デクセリアルズ,4980,有り,2018-05-30,2025-09-26,1796,93.88,無し
出光興産,5019,有り,2018-05-30,2025-09-26,1796,93.88,無し
ＥＮＥＯＳ,5020,有り,2018-05-30,2025-09-26,1796,93.88,無し
コスモエネルギーホールディングス,5021,有り,2018-05-30,2025-09-26,1796,93.88,無し
トリプルアイズ,5026,有り,2022-11-07,2025-09-26,709,93.91,無し
ＡｎｙＭｉｎｄ　Ｇｒｏｕｐ,5027,有り,2023-09-01,2025-09-26,506,93.53,無し
ＡＮＹＣＯＬＯＲ,5032,有り,2022-11-15,2025-09-26,703,93.86,無し
ｕｎｅｒｒｙ,5034,有り,2023-01-05,2025-09-26,669,93.96,無し
ｅＷｅＬＬ,5038,有り,2023-02-28,2025-09-26,633,93.92,無し
インフロニア・ホールディングス,5076,有り,2022-03-10,2025-09-26,870,93.85,無し
浜ゴム,5101,有り,2018-05-30,2025-09-26,1796,93.88,無し
ＴＯＹＯ　ＴＩＲＥ,5105,有り,2018-05-30,2025-09-26,1796,93.88,無し
ブリヂストン,5108,有り,2018-05-30,2025-09-26,1796,93.88,無し
ＦＩＸＥＲ,5129,有り,2023-03-15,2025-09-26,622,93.82,無し
ｐｌｕｓｚｅｒｏ,5132,有り,2023-04-07,2025-09-26,606,93.81,無し
ｔｒｉｐｌａ,5136,有り,2023-05-02,2025-09-26,589,93.64,無し
スマートドライブ,5137,有り,2023-05-25,2025-09-26,575,93.95,無し
オープンワーク,5139,有り,2023-05-26,2025-09-26,574,93.94,無し
ＡＧＣ,5201,有り,2018-05-30,2025-09-26,1796,93.88,無し
日電硝,5214,有り,2018-05-30,2025-09-26,1796,93.88,無し
太平洋セメ,5233,有り,2018-05-30,2025-09-26,1796,93.88,無し
ｎｏｔｅ,5243,有り,2023-05-31,2025-09-26,571,93.91,無し
ｊｉｇ．ｊｐ,5244,有り,2023-06-01,2025-09-26,570,93.9,無し
ＥＬＥＭＥＮＴＳ,5246,有り,2023-06-06,2025-09-26,567,93.87,無し
テクノロジーズ,5248,有り,2023-07-04,2025-09-26,547,93.66,無し
カバー,5253,有り,2023-08-30,2025-09-26,508,93.55,無し
Ａｒｅｎｔ,5254,有り,2023-08-31,2025-09-26,507,93.54,無し
トランザクション・メディア・ネットワークス,5258,有り,2023-09-07,2025-09-26,502,93.48,無し
東海カーボン,5301,有り,2018-05-30,2025-09-26,1796,93.88,無し
ＴＯＴＯ,5332,有り,2018-05-30,2025-09-26,1796,93.88,無し
ガイシ,5333,有り,2018-05-30,2025-09-26,1796,93.88,無し
日本特殊陶業,5334,有り,2018-05-30,2025-09-26,1796,93.88,無し
ＭＡＲＵＷＡ,5344,有り,2018-05-30,2025-09-26,1796,93.88,無し
ニチアス,5393,有り,2018-05-30,2025-09-26,1796,93.88,無し
日本製鉄,5401,有り,2018-05-30,2025-09-26,1796,93.88,無し
神戸鋼,5406,有り,2018-05-30,2025-09-26,1796,93.88,無し
ＪＦＥ,5411,有り,2018-05-30,2025-09-26,1796,93.88,無し
東京製鐵,5423,有り,2018-05-30,2025-09-26,1796,93.88,無し
大和工業,5444,有り,2018-05-30,2025-09-26,1796,93.88,無し
大同特殊鋼,5471,有り,2018-05-30,2025-09-26,1796,93.88,無し
日本冶金工業,5480,有り,2018-05-30,2025-09-26,1796,93.88,無し
ジェノバ,5570,有り,2023-09-25,2025-09-26,491,93.52,無し
Ｒｉｄｇｅ－ｉ,5572,有り,2023-10-03,2025-09-26,485,93.45,無し
ＡＢＥＪＡ,5574,有り,2023-11-17,2025-09-26,454,93.42,無し
グリッド,5582,有り,2023-12-14,2025-09-26,436,93.36,無し
エコナビスタ,5585,無し,,,0,0.0,N/A
Ｌａｂｏｒｏ．ＡＩ,5586,有り,2024-01-09,2025-09-26,422,93.99,無し
ファーストアカウンティング,5588,有り,2024-03-04,2025-09-26,385,93.9,無し
ネットスターズ,5590,有り,2024-03-06,2025-09-26,383,93.87,無し
ＡＶＩＬＥＮ,5591,有り,2024-03-07,2025-09-26,382,93.86,無し
くすりの窓口,5592,有り,2024-03-14,2025-09-26,377,93.78,無し
ＱＰＳ研究所,5595,有り,2024-05-17,2025-09-26,335,94.1,無し
ヒューマンテクノロジーズ,5621,有り,2024-06-04,2025-09-26,323,93.9,無し
日製鋼,5631,有り,2018-05-30,2025-09-26,1796,93.88,無し
三井金,5706,有り,2018-05-30,2025-09-26,1796,93.88,無し
三菱マ,5711,有り,2018-05-30,2025-09-26,1796,93.88,無し
住友鉱,5713,有り,2018-05-30,2025-09-26,1796,93.88,無し
ＤＯＷＡ,5714,有り,2018-05-30,2025-09-26,1796,93.88,無し
日本電解,5759,無し,,,0,0.0,N/A
古河電,5801,有り,2018-05-30,2025-09-26,1796,93.88,無し
住友電,5802,有り,2018-05-30,2025-09-26,1796,93.88,無し
フジクラ,5803,有り,2018-05-30,2025-09-26,1796,93.88,無し
ＳＷＣＣ,5805,有り,2018-05-30,2025-09-26,1796,93.88,無し
しずおかＦＧ,5831,有り,2023-03-10,2025-09-26,625,93.84,無し
ＳＢＩリーシングサービス,5834,有り,2023-03-28,2025-09-26,614,93.88,無し
インテグラル,5842,有り,2024-02-29,2025-09-26,387,93.93,無し
ＡＲＥホールディングス,5857,有り,2018-05-30,2025-09-26,1796,93.88,無し
ＤＡＩＷＡ　ＣＹＣＬＥ,5888,有り,2024-04-17,2025-09-26,354,93.65,無し
ｙｕｔｏｒｉ,5892,有り,2024-06-07,2025-09-26,320,93.84,無し
三和ホールディングス,5929,有り,2018-05-30,2025-09-26,1796,93.88,無し
リンナイ,5947,有り,2018-05-30,2025-09-26,1796,93.88,無し
日本発條,5991,有り,2018-05-30,2025-09-26,1796,93.88,無し
三浦工業,6005,有り,2018-05-30,2025-09-26,1796,93.88,無し
ＧＭＯ　ＴＥＣＨ,6026,有り,2018-05-30,2025-09-26,1796,93.88,無し
弁護士ドットコム,6027,有り,2018-05-30,2025-09-26,1796,93.88,無し
テクノプロ・ホールディングス,6028,有り,2018-05-30,2025-09-26,1796,93.88,無し
アドベンチャー,6030,有り,2018-05-30,2025-09-26,1796,93.88,無し
ＺＥＴＡ,6031,有り,2018-05-30,2025-09-26,1796,93.88,無し
日本スキー場開発,6040,有り,2018-05-30,2025-09-26,1796,93.88,無し
トレンダーズ,6069,有り,2018-05-30,2025-09-26,1796,93.88,無し
シンメンテホールディングス,6086,有り,2018-05-30,2025-09-26,1796,93.88,無し
フリークアウト・ホールディングス,6094,有り,2018-05-30,2025-09-26,1796,93.88,無し
リクルート,6098,有り,2018-05-30,2025-09-26,1796,93.88,無し
ツガミ,6101,有り,2018-05-30,2025-09-26,1796,93.88,無し
オークマ,6103,有り,2018-05-30,2025-09-26,1796,93.88,無し
アマダ,6113,有り,2018-05-30,2025-09-26,1796,93.88,無し
ＤＭＧ森精機,6141,有り,2018-05-30,2025-09-26,1796,93.88,無し
ディスコ,6146,有り,2018-05-30,2025-09-26,1796,93.88,無し
ブランジスタ,6176,有り,2018-05-30,2025-09-26,1796,93.88,無し
日本郵政,6178,有り,2018-05-30,2025-09-26,1796,93.88,無し
メタリアル,6182,有り,2018-05-30,2025-09-26,1796,93.88,無し
豊田自動織機,6201,有り,2018-05-30,2025-09-26,1796,93.88,無し
ＪＲＣ,6224,有り,2024-01-18,2025-09-26,415,93.89,無し
ＡＣＳＬ,6232,有り,2019-06-06,2025-09-26,1542,93.62,無し
野村マイクロ・サイエンス,6254,有り,2018-05-30,2025-09-26,1796,93.88,無し
エヌ・ピー・シー,6255,有り,2018-05-30,2025-09-26,1796,93.88,無し
三井海洋開発,6269,有り,2018-05-30,2025-09-26,1796,93.88,無し
ＳＭＣ,6273,有り,2018-05-30,2025-09-26,1796,93.88,無し
コマツ,6301,有り,2018-05-30,2025-09-26,1796,93.88,無し
住友重,6302,有り,2018-05-30,2025-09-26,1796,93.88,無し
日立建機,6305,有り,2018-05-30,2025-09-26,1796,93.88,無し
ローツェ,6323,有り,2018-05-30,2025-09-26,1796,93.88,無し
クボタ,6326,有り,2018-05-30,2025-09-26,1796,93.88,無し
荏原,6361,有り,2018-05-30,2025-09-26,1796,93.88,無し
ダイキン,6367,有り,2018-05-30,2025-09-26,1796,93.88,無し
オルガノ,6368,有り,2018-05-30,2025-09-26,1796,93.88,無し
ダイフク,6383,有り,2018-05-30,2025-09-26,1796,93.88,無し
ＳＡＮＫＹＯ,6417,有り,2018-05-30,2025-09-26,1796,93.88,無し
竹内製作所,6432,有り,2018-05-30,2025-09-26,1796,93.88,無し
アマノ,6436,有り,2018-05-30,2025-09-26,1796,93.88,無し
ブラザー工業,6448,有り,2018-05-30,2025-09-26,1796,93.88,無し
セガサミーホールディングス,6460,有り,2018-05-30,2025-09-26,1796,93.88,無し
ホシザキ,6465,有り,2018-05-30,2025-09-26,1796,93.88,無し
日精工,6471,有り,2018-05-30,2025-09-26,1796,93.88,無し
ＮＴＮ,6472,有り,2018-05-30,2025-09-26,1796,93.88,無し
ジェイテクト,6473,有り,2018-05-30,2025-09-26,1796,93.88,無し
ミネベア,6479,有り,2018-05-30,2025-09-26,1796,93.88,無し
日立,6501,有り,2018-05-30,2025-09-26,1796,93.88,無し
三菱電,6503,有り,2018-05-30,2025-09-26,1796,93.88,無し
富士電機,6504,有り,2018-05-30,2025-09-26,1796,93.88,無し
安川電,6506,有り,2018-05-30,2025-09-26,1796,93.88,無し
オキサイド,6521,有り,2021-09-10,2025-09-26,990,93.75,無し
ソシオネクス,6526,有り,2023-03-20,2025-09-26,619,93.79,無し
ベイカレント,6532,有り,2018-05-30,2025-09-26,1796,93.88,無し
ジャパンエレベーターサービスホールディングス,6544,有り,2018-05-30,2025-09-26,1796,93.88,無し
ＡＩＡＩグループ,6557,有り,2019-12-23,2025-09-26,1407,93.49,無し
ＨＡＮＡＴＯＵＲ　ＪＡＰＡＮ,6561,有り,2018-05-30,2025-09-26,1796,93.88,無し
ジーニー,6562,有り,2018-05-30,2025-09-26,1796,93.88,無し
神戸天然物化学,6568,有り,2018-08-13,2025-09-26,1743,93.71,無し
コンヴァノ,6574,有り,2018-09-07,2025-09-26,1724,93.64,無し
マキタ,6586,有り,2018-05-30,2025-09-26,1796,93.88,無し
芝浦メカトロニクス,6590,有り,2018-05-30,2025-09-26,1796,93.88,無し
ニデック,6594,有り,2018-05-30,2025-09-26,1796,93.88,無し
バルミューダ,6612,有り,2021-05-27,2025-09-26,1063,93.9,無し
ＱＤレーザ,6613,有り,2021-07-14,2025-09-26,1029,93.72,無し
ＪＶＣケンウッド,6632,有り,2018-05-30,2025-09-26,1796,93.88,無し
オムロン,6645,有り,2018-05-30,2025-09-26,1796,93.88,無し
ＭＣＪ,6670,有り,2018-05-30,2025-09-26,1796,93.88,無し
ＧＳユアサ,6674,有り,2018-05-30,2025-09-26,1796,93.88,無し
ＮＥＣ,6701,有り,2018-05-30,2025-09-26,1796,93.88,無し
富士通,6702,有り,2018-05-30,2025-09-26,1796,93.88,無し
サンケン電気,6707,有り,2018-05-30,2025-09-26,1796,93.88,無し
ルネサス,6723,有り,2018-05-30,2025-09-26,1796,93.88,無し
エプソン,6724,有り,2018-05-30,2025-09-26,1796,93.88,無し
アルバック,6728,有り,2018-05-30,2025-09-26,1796,93.88,無し
パナＨＤ,6752,有り,2018-05-30,2025-09-26,1796,93.88,無し
シャープ,6753,有り,2018-05-30,2025-09-26,1796,93.88,無し
ソニーＧ,6758,有り,2018-05-30,2025-09-26,1796,93.88,無し
ＴＤＫ,6762,有り,2018-05-30,2025-09-26,1796,93.88,無し
アルプスアル,6770,有り,2018-05-30,2025-09-26,1796,93.88,無し
メイコー,6787,有り,2018-05-30,2025-09-26,1796,93.88,無し
ヒロセ電機,6806,有り,2018-05-30,2025-09-26,1796,93.88,無し
横河電,6841,有り,2018-05-30,2025-09-26,1796,93.88,無し
アズビル,6845,有り,2018-05-30,2025-09-26,1796,93.88,無し
日本光電工業,6849,有り,2018-05-30,2025-09-26,1796,93.88,無し
堀場製作所,6856,有り,2018-05-30,2025-09-26,1796,93.88,無し
アドテスト,6857,有り,2018-05-30,2025-09-26,1796,93.88,無し
キーエンス,6861,有り,2018-05-30,2025-09-26,1796,93.88,無し
シスメックス,6869,有り,2018-05-30,2025-09-26,1796,93.88,無し
デンソー,6902,有り,2018-05-30,2025-09-26,1796,93.88,無し
レーザーテク,6920,有り,2018-05-30,2025-09-26,1796,93.88,無し
日本電子,6951,有り,2018-05-30,2025-09-26,1796,93.88,無し
カシオ,6952,有り,2018-05-30,2025-09-26,1796,93.88,無し
ファナック,6954,有り,2018-05-30,2025-09-26,1796,93.88,無し
ローム,6963,有り,2018-05-30,2025-09-26,1796,93.88,無し
浜松ホトニクス,6965,有り,2018-05-30,2025-09-26,1796,93.88,無し
三井ハイテック,6966,有り,2018-05-30,2025-09-26,1796,93.88,無し
京セラ,6971,有り,2018-05-30,2025-09-26,1796,93.88,無し
太陽誘電,6976,有り,2018-05-30,2025-09-26,1796,93.88,無し
村田製,6981,有り,2018-05-30,2025-09-26,1796,93.88,無し
日東電,6988,有り,2018-05-30,2025-09-26,1796,93.88,無し
三井Ｅ＆Ｓ,7003,有り,2018-05-30,2025-09-26,1796,93.88,無し
カナデビア,7004,有り,2018-05-30,2025-09-26,1796,93.88,無し
三菱重,7011,有り,2018-05-30,2025-09-26,1796,93.88,無し
川重,7012,有り,2018-05-30,2025-09-26,1796,93.88,無し
ＩＨＩ,7013,有り,2018-05-30,2025-09-26,1796,93.88,無し
名村造船所,7014,有り,2018-05-30,2025-09-26,1796,93.88,無し
ポート,7047,有り,2019-06-10,2025-09-26,1540,93.62,無し
ベルトラ,7048,有り,2019-06-10,2025-09-26,1540,93.62,無し
フロンティアインターナショナル,7050,有り,2019-08-08,2025-09-26,1498,93.51,無し
日本ホスピスホールディングス,7061,有り,2019-09-04,2025-09-26,1480,93.49,無し
ピアズ,7066,有り,2019-11-27,2025-09-26,1425,93.57,無し
フィードフォースグループ,7068,有り,2019-12-13,2025-09-26,1413,93.51,無し
ＷＤＢココ,7079,有り,2020-06-10,2025-09-26,1297,93.78,無し
ＮｅｘＴｏｎｅ,7094,有り,2020-09-04,2025-09-26,1238,93.72,無し
ステムセル研究所,7096,有り,2021-12-02,2025-09-26,935,93.78,無し
三菱ロジスネクスト,7105,有り,2018-05-30,2025-09-26,1796,93.88,無し
クラシコム,7110,有り,2023-01-16,2025-09-26,663,94.04,無し
ハルメクホールディングス,7119,有り,2023-08-28,2025-09-26,510,93.58,無し
ＨＹＵＧＡ　ＰＲＩＭＡＲＹ　ＣＡＲＥ,7133,無し,,,0,0.0,N/A
ＦＰＧ,7148,有り,2018-05-30,2025-09-26,1796,93.88,無し
ライフネット生命保険,7157,有り,2018-05-30,2025-09-26,1796,93.88,無し
全国保証,7164,有り,2018-05-30,2025-09-26,1796,93.88,無し
めぶきフィナンシャルグループ,7167,有り,2018-05-30,2025-09-26,1796,93.88,無し
ゆうちょ銀行,7182,有り,2018-05-30,2025-09-26,1796,93.88,無し
コンコルディ,7186,有り,2018-05-30,2025-09-26,1796,93.88,無し
日産自,7201,有り,2018-05-30,2025-09-26,1796,93.88,無し
いすゞ,7202,有り,2018-05-30,2025-09-26,1796,93.88,無し
トヨタ,7203,有り,2018-05-30,2025-09-26,1796,93.88,無し
日野自,7205,有り,2018-05-30,2025-09-26,1796,93.88,無し
三菱自,7211,有り,2018-05-30,2025-09-26,1796,93.88,無し
アイシン,7259,有り,2018-05-30,2025-09-26,1796,93.88,無し
マツダ,7261,有り,2018-05-30,2025-09-26,1796,93.88,無し
ホンダ,7267,有り,2018-05-30,2025-09-26,1796,93.88,無し
スズキ,7269,有り,2018-05-30,2025-09-26,1796,93.88,無し
ＳＵＢＡＲＵ,7270,有り,2018-05-30,2025-09-26,1796,93.88,無し
ヤマハ発,7272,有り,2018-05-30,2025-09-26,1796,93.88,無し
小糸製作所,7276,有り,2018-05-30,2025-09-26,1796,93.88,無し
豊田合成,7282,有り,2018-05-30,2025-09-26,1796,93.88,無し
シマノ,7309,有り,2018-05-30,2025-09-26,1796,93.88,無し
松屋アールアンドディ,7317,有り,2020-09-11,2025-09-26,1233,93.69,無し
セレンディップ・ホールディングス,7318,有り,2021-12-01,2025-09-26,936,93.79,無し
日本リビング保証,7320,有り,2018-08-29,2025-09-26,1731,93.67,無し
ＳＢＩインシュアランスグループ,7326,有り,2019-03-04,2025-09-26,1603,93.47,無し
ウェルスナビ,7342,無し,,,0,0.0,N/A
ブロードマインド,7343,有り,2021-09-02,2025-09-26,996,93.79,無し
ＴＷＯＳＴＯＮＥ＆Ｓｏｎｓ,7352,有り,2020-12-17,2025-09-26,1169,93.74,無し
アイドマ・ホールディングス,7373,有り,2021-11-30,2025-09-26,937,93.79,無し
ジャパンワランティサポート,7386,無し,,,0,0.0,N/A
ＡｅｒｏＥｄｇｅ,7409,有り,2023-12-11,2025-09-26,439,93.4,無し
ノジマ,7419,有り,2018-05-30,2025-09-26,1796,93.88,無し
良品計画,7453,有り,2018-05-30,2025-09-26,1796,93.88,無し
メディパルホールディングス,7459,有り,2018-05-30,2025-09-26,1796,93.88,無し
パン・パシフィック・インターナショナルホールディングス,7532,有り,2018-05-30,2025-09-26,1796,93.88,無し
ゼンショーホールディングス,7550,有り,2018-05-30,2025-09-26,1796,93.88,無し
ワークマン,7564,有り,2018-10-03,2025-09-26,1706,93.58,無し
ＩＤＯＭ,7599,有り,2018-05-30,2025-09-26,1796,93.88,無し
スギホールディングス,7649,有り,2018-05-30,2025-09-26,1796,93.88,無し
ＮＡＴＴＹ　ＳＷＡＮＫＹホールディングス,7674,有り,2019-09-05,2025-09-26,1479,93.49,無し
ダブルエー,7683,有り,2020-04-13,2025-09-26,1335,93.68,無し
ＢｕｙＳｅｌｌ　Ｔｅｃｈｎｏｌｏｇｉｅｓ,7685,有り,2020-06-02,2025-09-26,1303,93.81,無し
島津製作所,7701,有り,2018-05-30,2025-09-26,1796,93.88,無し
プレシジョン・システム・サイエンス,7707,有り,2018-05-30,2025-09-26,1796,93.88,無し
ナカニシ,7716,有り,2018-05-30,2025-09-26,1796,93.88,無し
東京精密,7729,有り,2018-05-30,2025-09-26,1796,93.88,無し
ニコン,7731,有り,2018-05-30,2025-09-26,1796,93.88,無し
オリンパス,7733,有り,2018-05-30,2025-09-26,1796,93.88,無し
スクリン,7735,有り,2018-05-30,2025-09-26,1796,93.88,無し
タムロン,7740,有り,2018-05-30,2025-09-26,1796,93.88,無し
ＨＯＹＡ,7741,有り,2018-05-30,2025-09-26,1796,93.88,無し
ノーリツ鋼機,7744,有り,2018-05-30,2025-09-26,1796,93.88,無し
朝日インテック,7747,有り,2018-05-30,2025-09-26,1796,93.88,無し
キヤノン,7751,有り,2018-05-30,2025-09-26,1796,93.88,無し
リコー,7752,有り,2018-05-30,2025-09-26,1796,93.88,無し
シチズン,7762,有り,2018-05-30,2025-09-26,1796,93.88,無し
ジャパン・ティッシュエンジニアリング,7774,有り,2018-05-30,2025-09-26,1796,93.88,無し
セルシード,7776,有り,2018-05-30,2025-09-26,1796,93.88,無し
スリー・ディー・マトリックス,7777,有り,2018-05-30,2025-09-26,1796,93.88,無し
ＣＹＢＥＲＤＹＮＥ,7779,有り,2018-05-30,2025-09-26,1796,93.88,無し
コラントッテ,7792,有り,2021-12-15,2025-09-26,926,93.72,無し
イーディーピー,7794,有り,2022-12-02,2025-09-26,691,93.89,無し
ブシロード,7803,有り,2020-01-08,2025-09-26,1399,93.7,無し
ＭＴＧ,7806,有り,2018-12-06,2025-09-26,1660,93.42,無し
バンナムＨＤ,7832,有り,2018-05-30,2025-09-26,1796,93.88,無し
パイロットコーポレーション,7846,有り,2018-05-30,2025-09-26,1796,93.88,無し
タカラトミー,7867,有り,2018-05-30,2025-09-26,1796,93.88,無し
ヨネックス,7906,有り,2018-05-30,2025-09-26,1796,93.88,無し
ＴＯＰＰＡＮ,7911,有り,2018-05-30,2025-09-26,1796,93.88,無し
大日印,7912,有り,2018-05-30,2025-09-26,1796,93.88,無し
アシックス,7936,有り,2018-05-30,2025-09-26,1796,93.88,無し
ローランド,7944,有り,2018-12-13,2025-09-26,1655,93.4,無し
ヤマハ,7951,有り,2018-05-30,2025-09-26,1796,93.88,無し
任天堂,7974,有り,2018-05-30,2025-09-26,1796,93.88,無し
ニフコ,7988,有り,2018-05-30,2025-09-26,1796,93.88,無し
オカムラ,7994,有り,2018-05-30,2025-09-26,1796,93.88,無し
伊藤忠,8001,有り,2018-05-30,2025-09-26,1796,93.88,無し
丸紅,8002,有り,2018-05-30,2025-09-26,1796,93.88,無し
豊田通商,8015,有り,2018-05-30,2025-09-26,1796,93.88,無し
兼松,8020,有り,2018-05-30,2025-09-26,1796,93.88,無し
三井物,8031,有り,2018-05-30,2025-09-26,1796,93.88,無し
東エレク,8035,有り,2018-05-30,2025-09-26,1796,93.88,無し
住友商,8053,有り,2018-05-30,2025-09-26,1796,93.88,無し
ＢＩＰＲＯＧＹ,8056,有り,2018-05-30,2025-09-26,1796,93.88,無し
三菱商,8058,有り,2018-05-30,2025-09-26,1796,93.88,無し
キヤノンマーケティングジャパン,8060,有り,2018-05-30,2025-09-26,1796,93.88,無し
阪和興業,8078,有り,2018-05-30,2025-09-26,1796,93.88,無し
岩谷産業,8088,有り,2018-05-30,2025-09-26,1796,93.88,無し
稲畑産業,8098,有り,2018-05-30,2025-09-26,1796,93.88,無し
ゴールドウイン,8111,有り,2018-05-30,2025-09-26,1796,93.88,無し
ユニ・チャーム,8113,有り,2018-05-30,2025-09-26,1796,93.88,無し
サンゲツ,8130,有り,2018-05-30,2025-09-26,1796,93.88,無し
伊藤忠エネクス,8133,有り,2018-05-30,2025-09-26,1796,93.88,無し
サンリオ,8136,有り,2018-05-30,2025-09-26,1796,93.88,無し
加賀電子,8154,有り,2018-05-30,2025-09-26,1796,93.88,無し
日本瓦斯,8174,有り,2018-05-30,2025-09-26,1796,93.88,無し
ライフコーポレーション,8194,有り,2018-05-30,2025-09-26,1796,93.88,無し
しまむら,8227,有り,2018-05-30,2025-09-26,1796,93.88,無し
高島屋,8233,有り,2018-05-30,2025-09-26,1796,93.88,無し
丸井Ｇ,8252,有り,2018-05-30,2025-09-26,1796,93.88,無し
クレセゾン,8253,有り,2018-05-30,2025-09-26,1796,93.88,無し
イオン,8267,有り,2018-05-30,2025-09-26,1796,93.88,無し
ヤオコー,8279,有り,2018-05-30,2025-09-26,1796,93.88,無し
あおぞら銀,8304,有り,2018-05-30,2025-09-26,1796,93.88,無し
三菱ＵＦＪ,8306,有り,2018-05-30,2025-09-26,1796,93.88,無し
りそなＨＤ,8308,有り,2018-05-30,2025-09-26,1796,93.88,無し
三井住友トラ,8309,有り,2018-05-30,2025-09-26,1796,93.88,無し
三井住友ＦＧ,8316,有り,2018-05-30,2025-09-26,1796,93.88,無し
千葉銀,8331,有り,2018-05-30,2025-09-26,1796,93.88,無し
ふくおかＦＧ,8354,有り,2018-05-30,2025-09-26,1796,93.88,無し
セブン銀行,8410,有り,2018-05-30,2025-09-26,1796,93.88,無し
みずほＦＧ,8411,有り,2018-05-30,2025-09-26,1796,93.88,無し
芙蓉総合リース,8424,有り,2018-05-30,2025-09-26,1796,93.88,無し
みずほリース,8425,有り,2018-05-30,2025-09-26,1796,93.88,無し
東京センチュリー,8439,有り,2018-05-30,2025-09-26,1796,93.88,無し
ＳＢＩホールディングス,8473,有り,2018-05-30,2025-09-26,1796,93.88,無し
アイフル,8515,有り,2018-05-30,2025-09-26,1796,93.88,無し
アコム,8572,有り,2018-05-30,2025-09-26,1796,93.88,無し
ジャックス,8584,有り,2018-05-30,2025-09-26,1796,93.88,無し
オリックス,8591,有り,2018-05-30,2025-09-26,1796,93.88,無し
三菱ＨＣキャピタル,8593,有り,2018-05-30,2025-09-26,1796,93.88,無し
大和,8601,有り,2018-05-30,2025-09-26,1796,93.88,無し
野村,8604,有り,2018-05-30,2025-09-26,1796,93.88,無し
ＳＯＭＰＯ,8630,有り,2018-05-30,2025-09-26,1796,93.88,無し
日本取引所,8697,有り,2018-05-30,2025-09-26,1796,93.88,無し
ＭＳ＆ＡＤ,8725,有り,2018-05-30,2025-09-26,1796,93.88,無し
第一生命ＨＤ,8750,有り,2018-05-30,2025-09-26,1796,93.88,無し
東京海上,8766,有り,2018-05-30,2025-09-26,1796,93.88,無し
Ｔ＆Ｄ,8795,有り,2018-05-30,2025-09-26,1796,93.88,無し
三井不,8801,有り,2018-05-30,2025-09-26,1796,93.88,無し
菱地所,8802,有り,2018-05-30,2025-09-26,1796,93.88,無し
東建物,8804,有り,2018-05-30,2025-09-26,1796,93.88,無し
住友不,8830,有り,2018-05-30,2025-09-26,1796,93.88,無し
レオパレス２１,8848,有り,2018-05-30,2025-09-26,1796,93.88,無し
スターツコーポレーション,8850,有り,2018-05-30,2025-09-26,1796,93.88,無し
リログループ,8876,有り,2018-05-30,2025-09-26,1796,93.88,無し
カチタス,8919,有り,2018-05-30,2025-09-26,1796,93.88,無し
トーセイ,8923,有り,2018-05-30,2025-09-26,1796,93.88,無し
東武,9001,有り,2018-05-30,2025-09-26,1796,93.88,無し
東急,9005,有り,2018-05-30,2025-09-26,1796,93.88,無し
京浜急行電鉄,9006,有り,2018-05-30,2025-09-26,1796,93.88,無し
小田急,9007,有り,2018-05-30,2025-09-26,1796,93.88,無し
京王,9008,有り,2018-05-30,2025-09-26,1796,93.88,無し
京成,9009,有り,2018-05-30,2025-09-26,1796,93.88,無し
ＪＲ東日本,9020,有り,2018-05-30,2025-09-26,1796,93.88,無し
ＪＲ西日本,9021,有り,2018-05-30,2025-09-26,1796,93.88,無し
ＪＲ東海,9022,有り,2018-05-30,2025-09-26,1796,93.88,無し
西武ホールディングス,9024,有り,2018-05-30,2025-09-26,1796,93.88,無し
近鉄グループホールディングス,9041,有り,2018-05-30,2025-09-26,1796,93.88,無し
ヤマトＨＤ,9064,有り,2018-05-30,2025-09-26,1796,93.88,無し
山九,9065,有り,2018-05-30,2025-09-26,1796,93.88,無し
センコーグループホールディングス,9069,有り,2018-05-30,2025-09-26,1796,93.88,無し
ＡＺ－ＣＯＭ丸和ホールディングス,9090,有り,2018-05-30,2025-09-26,1796,93.88,無し
郵船,9101,有り,2018-05-30,2025-09-26,1796,93.88,無し
商船三井,9104,有り,2018-05-30,2025-09-26,1796,93.88,無し
川崎汽,9107,有り,2018-05-30,2025-09-26,1796,93.88,無し
ＮＳユナイテッド海運,9110,有り,2018-05-30,2025-09-26,1796,93.88,無し
飯野海運,9119,有り,2018-05-30,2025-09-26,1796,93.88,無し
九州旅客鉄道,9142,有り,2018-05-30,2025-09-26,1796,93.88,無し
ＳＧホールディングス,9143,有り,2018-05-30,2025-09-26,1796,93.88,無し
ＮＸＨＤ,9147,有り,2022-06-14,2025-09-26,807,93.95,無し
シーユーシー,9158,有り,2023-11-27,2025-09-26,449,93.54,無し
ブリーチ,9162,有り,2023-12-11,2025-09-26,439,93.4,無し
ナレルグループ,9163,有り,2023-12-26,2025-09-26,428,93.25,無し
トライト,9164,有り,2023-12-27,2025-09-22,424,93.39,無し
ＧＥＮＤＡ,9166,有り,2024-01-05,2025-09-26,423,93.79,無し
ライズ・コンサルティング・グループ,9168,有り,2024-02-21,2025-09-26,392,93.78,無し
ＪＡＬ,9201,有り,2018-05-30,2025-09-26,1796,93.88,無し
ＡＮＡＨＤ,9202,有り,2018-05-30,2025-09-26,1796,93.88,無し
スカイマーク,9204,有り,2022-12-14,2025-09-26,683,93.82,無し
エフ・コード,9211,有り,2022-06-08,2025-09-26,811,93.97,無し
メンタルヘルステクノロジーズ,9218,有り,2022-09-01,2025-09-26,752,93.77,無し
ＡＳＮＯＶＡ,9223,有り,2024-06-05,2025-09-26,322,93.88,無し
マイクロ波化学,9227,有り,2022-12-01,2025-09-26,692,93.89,無し
リベロ,9245,有り,2022-03-07,2025-09-26,873,93.87,無し
ＡＢ＆Ｃｏｍｐａｎｙ,9251,有り,2022-04-28,2025-09-26,836,93.72,無し
ラストワンマイル,9252,有り,2022-05-06,2025-09-26,834,94.13,無し
バリュエンスホールディングス,9270,有り,2018-08-20,2025-09-26,1738,93.69,無し
ブティックス,9272,有り,2018-08-31,2025-09-26,1729,93.66,無し
三井倉庫ホールディングス,9302,有り,2018-05-30,2025-09-26,1796,93.88,無し
ＩＮＦＯＲＩＣＨ,9338,有り,2023-05-31,2025-09-26,571,93.91,無し
アイビス,9343,有り,2023-08-29,2025-09-26,509,93.57,無し
ｉｓｐａｃｅ,9348,有り,2023-09-19,2025-09-26,495,93.57,無し
Ｕ－ＮＥＸＴ　ＨＯＬＤＩＮＧＳ,9418,有り,2018-05-30,2025-09-26,1796,93.88,無し
ＮＴＴ,9432,有り,2018-05-30,2025-09-26,1796,93.88,無し
ＫＤＤＩ,9433,有り,2018-05-30,2025-09-26,1796,93.88,無し
ＳＢ,9434,有り,2019-06-04,2025-09-26,1544,93.63,無し
光通信,9435,有り,2018-05-30,2025-09-26,1796,93.88,無し
ＧＭＯインターネットグループ,9449,有り,2018-05-30,2025-09-26,1796,93.88,無し
アルファポリス,9467,有り,2018-05-30,2025-09-26,1796,93.88,無し
東電ＨＤ,9501,有り,2018-05-30,2025-09-26,1796,93.88,無し
中部電,9502,有り,2018-05-30,2025-09-26,1796,93.88,無し
関西電,9503,有り,2018-05-30,2025-09-26,1796,93.88,無し
東北電力,9506,有り,2018-05-30,2025-09-26,1796,93.88,無し
四国電力,9507,有り,2018-05-30,2025-09-26,1796,93.88,無し
九州電力,9508,有り,2018-05-30,2025-09-26,1796,93.88,無し
北海道電力,9509,有り,2018-05-30,2025-09-26,1796,93.88,無し
電源開発,9513,有り,2018-05-30,2025-09-26,1796,93.88,無し
リニューアブル・ジャパン,9522,無し,,,0,0.0,N/A
東ガス,9531,有り,2018-05-30,2025-09-26,1796,93.88,無し
大ガス,9532,有り,2018-05-30,2025-09-26,1796,93.88,無し
マイクロアド,9553,有り,2022-12-06,2025-09-26,689,93.87,無し
ＩＮＴＬＯＯＰ,9556,有り,2022-12-15,2025-09-26,682,93.81,無し
ジャパニアス,9558,有り,2023-02-21,2025-09-26,637,93.81,無し
プログリット,9560,有り,2023-03-08,2025-09-26,627,93.86,無し
グラッドキューブ,9561,有り,2023-03-07,2025-09-26,628,93.87,無し
東宝,9602,有り,2018-05-30,2025-09-26,1796,93.88,無し
スクウェア・エニックス・ホールディングス,9684,有り,2018-05-30,2025-09-26,1796,93.88,無し
カプコン,9697,有り,2018-05-30,2025-09-26,1796,93.88,無し
ＳＣＳＫ,9719,有り,2018-05-30,2025-09-26,1796,93.88,無し
セコム,9735,有り,2018-05-30,2025-09-26,1796,93.88,無し
メイテックグループホールディングス,9744,有り,2018-05-30,2025-09-26,1796,93.88,無し
ＮＳＤ,9759,有り,2018-05-30,2025-09-26,1796,93.88,無し
コナミＧ,9766,有り,2018-05-30,2025-09-26,1796,93.88,無し
ニトリＨＤ,9843,有り,2018-05-30,2025-09-26,1796,93.88,無し
ミスミグループ本社,9962,有り,2018-05-30,2025-09-26,1796,93.88,無し
ファストリ,9983,有り,2018-05-30,2025-09-26,1796,93.88,無し
ＳＢＧ,9984,有り,2018-05-30,2025-09-26,1796,93.88,無し
サンドラッグ,9989,有り,2018-05-30,2025-09-26,1796,93.88,無し
